{
	"credit": "Created by Stridey",
	"textures": {
		"top": "block/azalea_top",
		"side": "block/azalea_side",
		"particle": "block/azalea_plant",
		"plant": "item/azalea"
	},
	"elements": [
		{
			"from": [0, 3, -0.01],
			"to": [16, 16, 15.99],
			"faces": {
				"north": {"uv": [16, 0, 0, 13], "texture": "#side"},
				"east": {"uv": [16, 0, 0, 13], "texture": "#side"},
				"south": {"uv": [16, 0, 0, 13], "texture": "#side"},
				"west": {"uv": [16, 0, 0, 13], "texture": "#side"},
				"up": {"uv": [16, 0, 0, 16], "texture": "#top"}
			}
		},
		{
			"from": [0, 3, 15.99],
			"to": [16, 16, 0],
			"faces": {
				"north": {"uv": [16, 0, 0, 13], "texture": "#side"},
				"east": {"uv": [16, 0, 0, 13], "texture": "#side"},
				"south": {"uv": [16, 0, 0, 13], "texture": "#side"},
				"west": {"uv": [16, 0, 0, 13], "texture": "#side"},
				"up": {"uv": [16, 0, 0, 16], "texture": "#top"}
			}
		},
		{
			"from": [0, 0, 7.99],
			"to": [16, 16, 7.99],
			"faces": {
				"north": {"uv": [16, 0, 0, 16], "texture": "#plant"},
				"east": {"uv": [16, 0, 0, 11], "texture": "#side"},
				"south": {"uv": [16, 0, 0, 16], "texture": "#plant"},
				"west": {"uv": [16, 0, 0, 11], "texture": "#side"},
				"up": {"uv": [16, 0, 0, 16], "texture": "#top"}
			}
		},
		{
			"from": [8, 0, -0.01],
			"to": [8, 16, 15.99],
			"rotation": {"angle": 0, "axis": "y", "origin": [8, 8, 7.99]},
			"faces": {
				"north": {"uv": [16, 0, 0, 11], "texture": "#side"},
				"east": {"uv": [16, 0, 0, 16], "texture": "#plant"},
				"south": {"uv": [16, 0, 0, 11], "texture": "#side"},
				"west": {"uv": [16, 0, 0, 16], "texture": "#plant"},
				"up": {"uv": [16, 0, 0, 16], "rotation": 270, "texture": "#top"}
			}
		}
	],
	"gui_light": "front",
	"display": {
		"thirdperson_righthand": {
			"rotation": [75, 45, 0],
			"translation": [0, 2.5, 0],
			"scale": [0.375, 0.375, 0.375]
		},
		"thirdperson_lefthand": {
			"rotation": [75, 45, 0],
			"translation": [0, 2.5, 0],
			"scale": [0.375, 0.375, 0.375]
		},
		"firstperson_righthand": {
			"rotation": [0, 45, 0],
			"scale": [0.4, 0.4, 0.4]
		},
		"firstperson_lefthand": {
			"rotation": [0, 225, 0],
			"scale": [0.4, 0.4, 0.4]
		},
		"ground": {
			"translation": [0, 3, 0],
			"scale": [0.25, 0.25, 0.25]
		},
		"gui": {
			"scale": [0.75, 0.75, 0.75]
		},
		"fixed": {
			"scale": [0.5, 0.5, 0.5]
		}
	}
}