{
	"credit": "Created by Stridey",
	"parent": "builtin/entity",
	"texture_size": [256, 256],
	"textures": {
		"1": "entity/decorated_pot/decorated_pot_side",
		"particle": "entity/decorated_pot/decorated_pot_base"
	},
	"elements": [
		{
			"from": [1, 0, 1],
			"to": [15, 16, 15],
			"faces": {
				"north": {"uv": [1, 0, 15, 16], "texture": "#1"},
				"east": {"uv": [1, 0, 15, 16], "texture": "#1"},
				"south": {"uv": [1, 0, 15, 16], "texture": "#1"},
				"west": {"uv": [1, 0, 15, 16], "texture": "#1"},
				"up": {"uv": [0, 5, 7, 12], "texture": "#particle"},
				"down": {"uv": [0, 5, 7, 12], "texture": "#particle"}
			}
		},
		{
			"from": [5, 16, 5],
			"to": [11, 20, 11],
			"faces": {
				"north": {"uv": [0, 3, 3, 5], "texture": "#particle"},
				"east": {"uv": [0, 3, 3, 5], "texture": "#particle"},
				"south": {"uv": [0, 3, 3, 5], "texture": "#particle"},
				"west": {"uv": [0, 3, 3, 5], "texture": "#particle"},
				"up": {"uv": [3, 0, 6, 3], "texture": "#particle"}
			}
		}
	],
	"gui_light": "front",
	"display": {
		"thirdperson_righthand": {
			"rotation": [75, 45, 0],
			"translation": [0, 2.5, 0],
			"scale": [0.375, 0.375, 0.375]
		},
		"thirdperson_lefthand": {
			"rotation": [75, 45, 0],
			"translation": [0, 2.5, 0],
			"scale": [0.375, 0.375, 0.375]
		},
		"firstperson_righthand": {
			"rotation": [0, 45, 0],
			"scale": [0.4, 0.4, 0.4]
		},
		"firstperson_lefthand": {
			"rotation": [0, 225, 0],
			"scale": [0.4, 0.4, 0.4]
		},
		"ground": {
			"translation": [0, 3, 0],
			"scale": [0.25, 0.25, 0.25]
		},
		"gui": {
			"translation": [0, -1.5, 0],
			"scale": [0.75, 0.75, 0.75]
		},
		"head": {
			"rotation": [0, 180, 0],
			"translation": [0, 16, 7],
			"scale": [1.5, 1.5, 1.5]
		},
		"fixed": {
			"scale": [0.5, 0.5, 0.5]
		}
	}
}