{
	"credit": "Created by Stridey",
	"parent": "builtin/entity",
	"textures": {
		"1": "entity/chest/ender",
		"particle": "block/oak_planks"
	},
	"elements": [
		{
			"from": [1, 0, 1],
			"to": [15, 10, 15],
			"rotation": {"angle": 0, "axis": "y", "origin": [9, 8, 9]},
			"faces": {
				"north": {"uv": [10.5, 8.25, 14, 10.75], "rotation": 180, "texture": "#1"},
				"east": {"uv": [7, 8.25, 10.5, 10.75], "rotation": 180, "texture": "#1"},
				"south": {"uv": [7, 8.25, 10.5, 10.75], "rotation": 180, "texture": "#1"},
				"west": {"uv": [7, 8.25, 10.5, 10.75], "rotation": 180, "texture": "#1"},
				"down": {"uv": [3.5, 4.75, 7, 8.25], "rotation": 180, "texture": "#1"}
			}
		},
		{
			"from": [1, 10, 1],
			"to": [15, 14, 15],
			"rotation": {"angle": 0, "axis": "y", "origin": [9, 18, 9]},
			"faces": {
				"north": {"uv": [10.5, 3.75, 14, 4.75], "rotation": 180, "texture": "#1"},
				"east": {"uv": [7, 3.75, 10.5, 4.75], "rotation": 180, "texture": "#1"},
				"south": {"uv": [7, 3.75, 10.5, 4.75], "rotation": 180, "texture": "#1"},
				"west": {"uv": [7, 3.75, 10.5, 4.75], "rotation": 180, "texture": "#1"},
				"up": {"uv": [7, 0, 10.5, 3.5], "rotation": 180, "texture": "#1"}
			}
		},
		{
			"from": [7, 7, 0],
			"to": [9, 11, 1],
			"rotation": {"angle": 0, "axis": "y", "origin": [16, 18, 8]},
			"faces": {
				"north": {"uv": [1, 0.25, 1.5, 1.25], "rotation": 180, "texture": "#1"},
				"up": {"uv": [0.75, 0, 1.25, 0.25], "rotation": 180, "texture": "#1"}
			}
		}
	],
	"gui_light": "front",
	"display": {
		"thirdperson_righthand": {
			"rotation": [75, 45, 0],
			"translation": [0, 2.5, 0],
			"scale": [0.375, 0.375, 0.375]
		},
		"thirdperson_lefthand": {
			"rotation": [75, 45, 0],
			"translation": [0, 2.5, 0],
			"scale": [0.375, 0.375, 0.375]
		},
		"firstperson_righthand": {
			"rotation": [0, 45, 0],
			"scale": [0.4, 0.4, 0.4]
		},
		"firstperson_lefthand": {
			"rotation": [0, 225, 0],
			"scale": [0.4, 0.4, 0.4]
		},
		"ground": {
			"translation": [0, 3, 0],
			"scale": [0.25, 0.25, 0.25]
		},
		"gui": {
			"rotation": [0, 0, 0],
			"scale": [0.75, 0.75, 0.75]
		},
		"head": {
			"rotation": [0, 180, 0]
		},
		"fixed": {
			"scale": [0.5, 0.5, 0.5]
		}
	}
}