{
	"credit": "Created by Stridey",
	"parent": "block/block",
	"textures": {
		"particle": "#texture",
		"texture": "#texture"
	},
	"elements": [
		{
			"name": "Right-hand post",
			"from": [14, 5, 7],
			"to": [16, 16, 9],
			"faces": {
				"north": {"uv": [14, 0, 16, 11], "texture": "#texture"},
				"east": {"uv": [14, 0, 16, 11], "texture": "#texture", "cullface": "east"},
				"south": {"uv": [14, 0, 16, 11], "texture": "#texture"},
				"west": {"uv": [14, 0, 16, 11], "texture": "#texture"},
				"up": {"uv": [2, 4, 4, 6], "texture": "#texture", "cullface": "up"},
				"down": {"uv": [2, 4, 4, 6], "texture": "#texture"}
			}
		},
		{
			"name": "Left-hand post",
			"from": [0, 5, 7],
			"to": [2, 16, 9],
			"faces": {
				"north": {"uv": [14, 0, 16, 11], "texture": "#texture"},
				"east": {"uv": [14, 0, 16, 11], "texture": "#texture"},
				"south": {"uv": [14, 0, 16, 11], "texture": "#texture"},
				"west": {"uv": [14, 0, 16, 11], "texture": "#texture", "cullface": "west"},
				"up": {"uv": [2, 4, 4, 6], "texture": "#texture", "cullface": "up"},
				"down": {"uv": [2, 4, 4, 6], "texture": "#texture"}
			}
		},
		{
			"name": "Inner vertical post of left-hand gate door",
			"from": [6, 6.125, 8],
			"to": [8, 14.875, 8],
			"faces": {
				"north": {"uv": [8, 1.125, 6, 9.875], "texture": "#texture"},
				"south": {"uv": [6, 1.125, 8, 9.875], "texture": "#texture"}
			}
		},
		{
			"name": "Inner vertical post of left-hand gate door",
			"from": [8, 6.125, 8],
			"to": [10, 14.875, 8],
			"faces": {
				"north": {"uv": [10, 1.125, 8, 9.875], "texture": "#texture"},
				"south": {"uv": [8, 1.125, 10, 9.875], "texture": "#texture"}
			}
		},
		{
			"name": "Lower horizontal bar of left-hand gate door",
			"from": [2, 6, 8],
			"to": [7.25, 9, 8],
			"faces": {
				"north": {"uv": [7.25, 7, 2, 10], "texture": "#texture"},
				"south": {"uv": [2, 7, 7.25, 10], "texture": "#texture"}
			}
		},
		{
			"name": "Upper horizontal bar of left-hand gate door",
			"from": [2, 12, 8],
			"to": [7, 15, 8],
			"faces": {
				"north": {"uv": [7, 1, 2, 4], "texture": "#texture"},
				"south": {"uv": [2, 1, 7, 4], "texture": "#texture"}
			}
		},
		{
			"name": "Lower horizontal bar of right-hand gate door",
			"from": [8.5, 6, 8],
			"to": [14, 9, 8],
			"faces": {
				"north": {"uv": [14, 7, 8.5, 10], "texture": "#texture"},
				"south": {"uv": [8.5, 7, 14, 10], "texture": "#texture"}
			}
		},
		{
			"name": "Upper horizontal bar of right-hand gate door",
			"from": [9, 12, 8],
			"to": [14, 15, 8],
			"faces": {
				"north": {"uv": [14, 1, 9, 4], "texture": "#texture"},
				"south": {"uv": [9, 1, 14, 4], "texture": "#texture"}
			}
		}
	],
	"gui_light": "front",
	"display": {
		"gui": {
			"translation": [0, -2.5, 0]
		},
		"head": {
			"translation": [0, -3, -6]
		}
	}
}