{
	"credit": "Created by Stridey",
	"parent": "item/generated",
	"textures": {
		"top": "#top",
		"bottom": "#bottom",
		"particle": "#top"
	},
	"elements": [
		{
			"from": [0, 0, 8],
			"to": [16, 16, 8],
			"faces": {
				"north": {"uv": [16, 0, 0, 16], "texture": "#bottom"},
				"south": {"uv": [16, 0, 0, 16], "texture": "#bottom"}
			}
		},
		{
			"from": [0, 16, 8],
			"to": [16, 32, 8],
			"faces": {
				"north": {"uv": [16, 0, 0, 16], "texture": "#top"},
				"south": {"uv": [16, 0, 0, 16], "texture": "#top"}
			}
		}
	],
	"gui_light": "front",
	"display": {
		"thirdperson_righthand": {
			"translation": [0, 1.25, 1],
			"scale": [0, 0.25, 0.25]
		},
		"firstperson_righthand": {
			"rotation": [0, -90, 25],
			"translation": [1.13, 1.7, 1.13],
			"scale": [0.34, 0.34, 0.34]
		},
		"ground": {
			"translation": [0, 4, 0],
			"scale": [0.325, 0.325, 0.325]
		},
		"gui": {
			"translation": [0, -4, 0],
			"scale": [0.5, 0.5, 0.5]
		},
		"head": {
			"rotation": [0, 180, 0],
			"translation": [0, 10, 7],
			"scale": [0.5, 0.5, 0.5]
		},
		"fixed": {
			"rotation": [0, 180, 0],
			"translation": [0, -4, 1.25],
			"scale": [0.5, 0.5, 0.5]
		}
	}
}