{
	"credit": "Created by Stridey",
	"texture_size": [512, 512],
	"textures": {
		"texture": "entity/piglin/piglin"
	},
	"elements": [
		{
			"from": [3, 0, 4],
			"to": [13, 8, 12],
			"faces": {
				"north": {"uv": [2, 2, 4.5, 4], "texture": "#texture"},
				"east": {"uv": [0, 2, 2, 4], "texture": "#texture"},
				"south": {"uv": [6.5, 2, 9, 4], "texture": "#texture"},
				"west": {"uv": [4.5, 2, 6.5, 4], "texture": "#texture"},
				"up": {"uv": [2, 0, 4.5, 2], "rotation": 180, "texture": "#texture"},
				"down": {"uv": [4.5, 0, 7, 2], "rotation": 180, "texture": "#texture"}
			}
		},
		{
			"from": [13, 2, 8],
			"to": [18, 6, 8],
			"rotation": {"angle": -22.5, "axis": "z", "origin": [13, 6, 8]},
			"faces": {
				"north": {"uv": [11.03125, 2.5, 11.96875, 3.75], "rotation": 90, "texture": "#texture"},
				"south": {"uv": [11.03125, 2.5, 11.96875, 3.75], "rotation": 270, "texture": "#texture"}
			}
		},
		{
			"from": [-2, 2, 8],
			"to": [3, 6, 8],
			"rotation": {"angle": 22.5, "axis": "z", "origin": [3, 6, 8]},
			"faces": {
				"north": {"uv": [12.78125, 2.5, 13.71875, 3.75], "rotation": 270, "texture": "#texture"},
				"south": {"uv": [12.78125, 2.5, 13.71875, 3.75], "rotation": 90, "texture": "#texture"}
			}
		}
	],
	"gui_light": "front",
	"display": {
		"thirdperson_righthand": {
			"rotation": [45, 45, 0],
			"translation": [0, 3, 0],
			"scale": [0.5, 0.5, 0.5]
		},
		"ground": {
			"translation": [0, 3, 0],
			"scale": [0.5, 0.5, 0.5]
		},
		"gui": {
			"rotation": [0, 180, 0],
			"translation": [0, 5, 0],
			"scale": [1.3, 1.3, 1.3]
		},
		"fixed": {
			"translation": [0, 4, 0]
		}
	}
}