{
	"credit": "Created by Stridey",
	"parent": "block/block",
	"textures": {
		"particle": "#bottom",
		"bottom": "#bottom",
		"side": "#side"
	},
	"elements": [
		{
			"from": [0, 0, 0],
			"to": [16, 8, 16],
			"faces": {
				"north": {"uv": [0, 8, 16, 16], "texture": "#side", "cullface": "west"},
				"east": {"uv": [0, 8, 16, 16], "texture": "#side", "cullface": "west"},
				"south": {"uv": [0, 8, 16, 16], "texture": "#side", "cullface": "west"},
				"west": {"uv": [0, 8, 16, 16], "texture": "#side", "cullface": "west"},
				"up": {"uv": [16, 16, 0, 0], "rotation": 180, "texture": "#bottom"},
				"down": {"uv": [0, 0, 16, 16], "texture": "#bottom", "cullface": "down"}
			}
		}
	]
}